orderId,assetId,category,name
0,FE876489-CBD5-479B-A8F0-1B67F0741CEA,Landscape,Sonoma Horizon
1,94DAB450-A650-4DFC-99B2-A0F0D8AD6649,Landscape,Sonoma Evening
2,097CA871-A1C2-40F7-97F0-EFAABF555BBC,Landscape,Sonoma Clouds
3,C3C48B18-E4AE-4A62-877D-0B0D74CDC9E0,Landscape,Sonoma from Above
4,12718607-0FE6-4B8C-B571-A320CDD67897,Landscape,Sonoma River
5,8002C4C8-C611-4894-A068-3D3A3C03472A,Landscape,Grand Canyon River Valley
6,E334A6D2-7145-47C8-9B00-C20DED08B2D5,Landscape,Grand Canyon Evening
7,F9F918CD-E15F-4F01-A326-84A44650C5C9,Landscape,Grand Canyon Sunset
8,AE0115AE-C53B-4DB9-B12F-CA4B7B630CC9,Landscape,Grand Canyon Sediment
9,DD266E1F-5DF2-4CDB-A2EB-26CE35664657,Landscape,Grand Canyon from Above
10,DDE50C77-B7CB-4488-9EB1-D1B13BF21FFE,Landscape,Iceland Glacier
11,2F17FCCE-6CCA-4AFA-A08A-C50BF9812DA5,Landscape,Iceland Snow Caps
12,8ACF5D77-B22C-416F-B12A-72FB35E2834F,Landscape,Iceland Fjord from Above
13,E54D5AFE-F362-4D48-A20D-F2C21D2B5330,Landscape,Iceland Fjord
14,8590D0C5-E344-4FAC-A39A-FD7BC652AEDA,Landscape,Iceland Coast
15,D7950C0A-27B9-4034-AB5B-EDB89D41341A,Landscape,Iceland Lake
16,F9518D54-04A7-4793-8666-CFC114D73CE5,Landscape,Iceland Riverbed
17,5C987900-AD53-469C-8210-CABBCCDDFCAE,Landscape,Patagonia Mountain
18,B004358B-5A27-42E5-B49E-93FC100B2371,Landscape,Patagonia Lake
19,E5D58CC2-3C52-4206-9DA2-427DC88B5896,Landscape,Patagonia Range
20,25A6CFB2-3570-4448-B114-244A4E454B7A,Landscape,Patagonia River
21,EE01F02D-1413-436C-AB05-410F224A5B7B,Landscape,Greenland Evening
22,2F52E34C-39D4-4AB1-9025-8F7141FAA720,Landscape,Greenland Coast
23,B8F204CE-6024-49AB-85F9-7CA2F6DCD226,Landscape,Greenland Glacier
24,E487C6EF-B3FB-427B-A2BE-8CBA60F902F0,Landscape,Yosemite Clouds
25,E5799A24-1949-4E66-A17B-B5EB05F28C5D,Landscape,Yosemite Silhouette
26,DAD82DCE-F3AE-4AEC-8A79-1694D412FC0A,Landscape,Yosemite from Above
27,E540DEE6-4C40-42C8-9CCC-D4CB0FAD7D7B,Landscape,Yosemite Horizon
28,8D04D70F-738B-441D-8D43-AF46B2BF8062,Landscape,Yosemite Snow Caps
29,81CA5ACD-E682-4D8B-A948-0F147EB6ED4F,Landscape,Yosemite Mountains
30,4109D42A-D717-46A7-A9A2-FE53A82B25C0,Landscape,Yosemite Valley
31,044AD56C-A107-41B2-90CC-E60CCACFBCF5,Landscape,China Silhouette
32,22162A9B-DB90-4517-867C-C676BC3E8E95,Landscape,China's Great Wall
33,9CCB8297-E9F5-4699-AE1F-890CFBD5E29C,Landscape,China Paddy Field
34,B876B645-3955-420E-99DF-60139E451CF3,Landscape,China Mountains
35,D5E76230-81A3-4F65-A1BA-51B8CADED625,Landscape,China Mountain Cliffs
36,F0236EC5-EE72-4058-A6CE-1F7D2E8253BF,Landscape,China's Great Wall Daylight
37,258A6797-CC13-4C3A-AB35-4F25CA3BF474,Landscape,Hawaii Clouds Light
38,12E0343D-2CD9-48EA-AB57-4D680FB6D0C7,Landscape,Hawaii Coastline
39,3D729CFC-9000-48D3-A052-C5BD5B7A6842,Landscape,Hawaii Ocean
40,499995FA-E51A-4ACE-8DFD-BDF8AFF6C943,Landscape,Hawaii Valley
41,82BD33C9-B6D2-47E7-9C42-AA3B7758921A,Landscape,Hawaii Clouds Dark
42,E161929C-0819-4BC2-8359-550C081C7D54,Landscape,Scotland Castle
43,0C747C29-4BF8-43F6-A5CC-2E012E555341,Landscape,Scotland Coast
44,3954A7C4-51EC-4ABC-ABA3-6757AC91C7CF,Landscape,Scotland Lake
45,001C94AE-2BA4-4E77-A202-F7DE60E8B1C8,Landscape,Liwa Dune Fields
46,AFA22C08-A486-4CE8-9A13-E355B6C38559,Landscape,Liva Horizon
47,00BA71CD-2C54-415A-A68A-8358E677D750,Cityscape,Dubai Skyline
48,9680B8EB-CE2A-4395-AF41-402801F4D6A6,Cityscape,Dubai Night
49,3FFA2A97-7D28-49EA-AA39-5BC9051B2745,Cityscape,Dubai Creek
50,876D51F4-3D78-4221-8AD2-F9E78C0FD9B9,Cityscape,Dubai from Above
51,E991AC0C-F272-44D8-88F3-05F44EDFE3AE,Cityscape,Dubai Creek Harbor
52,35693AEA-F8C4-4A80-B77D-C94B20A68956,Cityscape,Los Angeles Overpass
53,92E48DE9-13A1-4172-B560-29B4668A87EE,Cityscape,Los Angeles Beach
54,CE279831-1CA7-4A83-A97B-FF1E20234396,Cityscape,Los Angeles Airport
55,89B1643B-06DD-4DEC-B1B0-774493B0F7B7,Cityscape,Los Angeles Sunset
56,EC67726A-8212-4C5E-83CF-8412932740D2,Cityscape,Los Angeles Hills
57,F5804DD6-5963-40DA-9FA0-39C0C6E6DEF9,Cityscape,Los Angeles Night
58,F604AF56-EA77-4960-AEF7-82533CC1A8B3,Cityscape,London Evening
59,58754319-8709-4AB0-8674-B34F04E7FFE2,Cityscape,London Skyline
60,7F4C26C2-67C2-4C3A-8F07-8A7BF6148C97,Cityscape,London Thames
61,A5AAFF5D-8887-42BB-8AFD-867EF557ED85,Cityscape,London from Above
62,44166C39-8566-4ECA-BD16-43159429B52F,Cityscape,New York Night
63,840FE8E4-D952-4680-B1A7-AC5BACA2C1F8,Cityscape,New York Midtown
64,3BA0CFC7-E460-4B59-A817-B97F9EBB9B89,Cityscape,New York from Above
65,640DFB00-FBB9-45DA-9444-9F663859F4BC,Cityscape,New York Skyline
66,29BDF297-EB43-403A-8719-A78DA11A2948,Cityscape,San Francisco Evening
67,72B4390D-DF1D-4D51-B179-229BBAEFFF2C,Cityscape,San Francisco's Gold Gate Bridge
68,4AD99907-9E76-408D-A7FC-8429FF014201,Cityscape,San Francisco's Ferry Building
69,3E94AE98-EAF2-4B09-96E3-452F46BC114E,Cityscape,San Francisco Night
70,85CE77BF-3413-4A7B-9B0F-732E96229A73,Cityscape,San Francisco Skyline
71,DE851E6D-C2BE-4D9F-AB54-0F9CE994DC51,Cityscape,San Francisco Bay
72,EE533FBD-90AE-419A-AD13-D7A60E2015D6,Cityscape,San Francisco Fog
73,FE8E1F9D-59BA-4207-B626-28E34D810D0A,Cityscape,Hong Kong Harbor
74,024891DE-B7F6-4187-BFE0-E6D237702EF0,Cityscape,Hong Kong Skyline
75,C8559883-6F3E-4AF2-8960-903710CD47B7,Cityscape,Hong Kong Horizon
76,E99FA658-A59A-4A2D-9F3B-58E7BDC71A9A,Cityscape,Hong Kong Night
77,C7AD3D0A-7EDF-412C-A237-B3C9D27381A1,Underwater,Alaskan Jellies Light
78,C6DC4E54-1130-44F8-AF6F-A551D8E8A181,Underwater,Alaskan Jellies Dark
79,27A37B0F-738D-4644-A7A4-E33E7A6C1175,Underwater,California Dolphin Pod
80,EB3F48E7-D30F-4079-858F-1A61331D5026,Underwater,California Kelp Forest
81,8C31B06F-91A4-4F7C-93ED-56146D7F48B9,Underwater,Tahiti Coast
82,149E7795-DBDA-4F5D-B39A-14712F841118,Underwater,Tahiti Waves Mist
83,83C65C90-270C-4490-9C69-F51FE03D7F06,Underwater,Seal Pod
84,F07CC61B-30FC-4614-BDAD-3240B61F6793,Underwater,Palau Coral Colors
85,2B30E324-E4FF-4CC1-BA45-A958C2D2B2EC,Underwater,Barracuda Battery
86,BA4ECA11-592F-4727-9221-D2A32A16EB28,Underwater,Palau Jellies Dark
87,EC3DC957-D4C2-4732-AACE-7D0C0F390EC8,Underwater,Palau Jellies Light
88,E580E5A5-0888-4BE8-A4CA-F74A18A643C3,Underwater,Palau Jellies Blue
89,DD47D8E1-CB66-4C12-BFEA-2ADB0D8D1E2E,Underwater,Humpback Whale
90,537A4DAB-83B0-4B66-BCD1-05E5DBB4A268,Underwater,Jack School
91,CE9B5D5B-B6E7-47C5-8C04-59BF182E98FB,Underwater,Costa Rica Dolphin Pod
92,687D03A2-18A5-4181-8E85-38F3A13409B9,Underwater,Bumpheads
93,58C75C62-3290-47B8-849C-56A583173570,Underwater,Cownose Rays
94,3716DD4B-01C0-4F5B-8DD6-DB771EC472FB,Underwater,Gray Reef Sharks
95,6143116D-03BB-485E-864E-A8CF58ACF6F1,Underwater,Kelp Dark
96,82175C1F-153C-4EC8-AE37-2860EA828004,Underwater,Red Sea Coral from Above
97,581A4F1A-2B6D-468C-A1BE-6F473F06D10B,Underwater,Sea Stars
98,F439B0A7-D18C-4B14-9681-6520E6A74FE9,Earth,Middle East
99,2F72BC1E-3D76-456C-81EB-842EBA488C27,Earth,North Africa
100,4F881F8B-A7D9-4FDB-A917-17BF6AC5A589,Earth,Caribbean
101,03EC0F5E-CCA8-4E0A-9FEC-5BD1CE151182,Earth,Antarctica's Southern Lights
102,64D11DAB-3B57-4F14-AD2F-E59A9282FA44,Earth,North Atlantic
103,7C643A39-C0B2-4BA0-8BC2-2EAA47CC580E,Earth,Europe Night
104,D5CFB2FF-5F8C-4637-816B-3E42FC1229B8,Earth,Caribbean Islands
105,1088217C-1410-4CF7-BDE9-8F573A4DBCD9,Earth,Caribbean Sea
106,63C042F0-90EF-4A95-B7CC-CC9A64BF8421,Earth,West Africa
107,009BA758-7060-4479-8EE8-FB9B40C8FB97,Earth,East Asia
108,E5DB138A-F04E-4619-B896-DE5CB538C534,Earth,Southern Europe Night
109,A837FA8C-C643-4705-AE92-074EFDD067F7,Earth,Africa
110,B1B5DDC5-73C8-4920-8133-BACCE38A08DE,Earth,New York
111,737E9E24-49BE-4104-9B72-F352DE1AD2BF,Earth,North America Aurora
112,3C4678E4-4D3D-4A40-8817-77752AEA62EB,Earth,Nile Delta
113,7719B48A-2005-4011-9280-2F64EEC6FD91,Earth,Southern California
114,78911B7E-3C69-47AD-B635-9C2486F6301D,Earth,New Zealand
115,E556BBC5-D0A0-4DB1-AC77-BC76E4A526F4,Earth,Sahara
116,87060EC2-D006-4102-98CC-3005C68BB343,Earth,South Africa
117,6324F6EB-E0F1-468F-AC2E-A983EBDDD53B,Earth,China Night
118,12318CCB-3F78-43B7-A854-EFDCCE5312CD,Earth,California
119,81337355-E156-4242-AAF4-711768D30A54,Earth,Australia